기관,담당부서,날짜,제목,링크
서울특별시,서울역사박물관,2026-09-29,"(석간) 서울역사박물관, 인사도시유적전시관 개관 기념 학술대회 개최",https://www.seoul.go.kr/news/news_report.do?bbsNo=158&nttNo=467234
국토교통부,국토교통부,2026-09-29,사업에 맞는 공모방식 찾고 민간전문가 역할 넓힌다 설계공모 및 민간전문가 제도개선 토론회,https://www.molit.go.kr/USR/NEWS/m_71/dtl.jsp?lcmspage=1&id=95092463
국토교통부,철도정책과,2026-09-29,"글로벌 철도연수과정 본격 시작, 해외사업의 가교 역할을 지속 이어간다",https://www.molit.go.kr/USR/NEWS/m_71/dtl.jsp?lcmspage=1&id=95092462
서울특별시,소상공인정책과,2026-09-29,"(석간) 한강 배달 할인에, 상품권 환급 두 배로… 서울시, 서울배달+땡겨요 혜택 더한다",https://www.seoul.go.kr/news/news_report.do?bbsNo=158&nttNo=467237
서울특별시,서울아리수본부,2026-09-29,"(석간) 서울시, 깨끗한 아리수 이어가기 위해 전문가·시민 집단지성 모은다",https://www.seoul.go.kr/news/news_report.do?bbsNo=158&nttNo=467236
서울특별시,문화유산과,2026-09-29,"(석간) 서울시, 판소리·악기장 보유자 3명 새로 인정…'불교지화장엄' 첫 보유단체도",https://www.seoul.go.kr/news/news_report.do?bbsNo=158&nttNo=467235
서울특별시,서울대공원,2026-09-29,"(석간) 서울대공원 식물원, 제20회 식충식물 특별전시회 개최",https://www.seoul.go.kr/news/news_report.do?bbsNo=158&nttNo=467233
산림청,산림청,2026-09-29,"[국립수목원] 국립수목원, DMZ 일원에서 희귀 고산식물 등대시호 새 자생지 ...  - 강원 고성 마산 해발 850m에서 200개체 이상 확인..복적인 현장조사의 중요성 보여 -산림청 국립수목원(원장 안병기)과 강원대학교 산림자원학과 강종수 교수 연구실은 DMZ 일원의 산림생물다양성 연구를 공동으로 수행하는 과정에서 강원특별자치도 고성군 마산 일대 해...",https://www.forest.go.kr/kfsweb/cop/bbs/selectBoardArticle.do;jsessionid=12K6dWAS1B2EsVkcavH7oPW8jGcb3Y10fwaNoQXltwG1GoYVT4GeZb5MdvWFrRvY.frswas01_servlet_engine5?nttId=3224620&bbsId=BBSMSTR_1036&pageUnit=10&pageIndex=1&searchtitle=title&searchcont=&searchkey=&searchwriter=&searchWrd=&ctgryLrcls=&ctgryMdcls=&ctgrySmcls=&ntcStartDt=&ntcEndDt=&mn=NKFS_04_02_01&orgId=
서울특별시,서울디자인재단,2026-09-28,70만명 운집한 '서울라이트 DDP'…서울의 야간경제 활력 더했다,https://www.seoul.go.kr/news/news_report.do?bbsNo=158&nttNo=467138
서울특별시,보건환경연구원,2026-09-28,"서울시, 목욕탕·찜질방 등 다중이용시설 레지오넬라균 11.1% 검출",https://www.seoul.go.kr/news/news_report.do?bbsNo=158&nttNo=467135
서울특별시,체육정책과,2026-09-28,광화문 일대 120m 상공이 스포츠 무대로… 서울서 국내 최초 고공 슬랙라인 도전,https://www.seoul.go.kr/news/news_report.do?bbsNo=158&nttNo=467136
서울특별시,디지털정책과,2026-09-28,"도시의 내일을 여는 AI 담론, 서울에 모인다… SLW 2026 국제포럼 개최",https://www.seoul.go.kr/news/news_report.do?bbsNo=158&nttNo=467137
국방부,"국방부장관, 추석 연휴 맞아 최전방 7사단 방문새글",2026-09-28,"국방부장관, 추석 연휴 맞아 최전방 7사단 방문
새글",https://www.mnd.go.kr/bbs/mnd/13000005/DPIM_121669/artclView.do
서울특별시,스마트건강과,2026-09-28,"300만 명 쓰는 손목닥터9988… 적극 참여 어르신 10명 중 9명 ""외부활동 늘었다""",https://www.seoul.go.kr/news/news_report.do?bbsNo=158&nttNo=467139
서울특별시,모아주택과,2026-09-28,"(엠바고10시30분)(석간) 서울 '모아주택 1호' 9월 첫 입주… 오세훈 시장, ""2031년까지 4만호 착공""",https://www.seoul.go.kr/news/news_report.do?bbsNo=158&nttNo=467133
산림청,산림청,2026-09-28,"[본청] 숲에서 하룻밤, 동서트레일 512km 먼저 열린다  숲에서 하룻밤, 동서트레일 512km 먼저 열린다- 10월 1일부터 두 달간 시범개통… 대피소 30곳, 9월 29일 숲나들e 예약 시작 - 산림청(청장 박은식)은 10월 1일부터 두 달간 동서트레일 32개 구간 512km를 먼저 여는 ‘대국민 시범개통’을 실시한다고 2...",https://www.forest.go.kr/kfsweb/cop/bbs/selectBoardArticle.do;jsessionid=12K6dWAS1B2EsVkcavH7oPW8jGcb3Y10fwaNoQXltwG1GoYVT4GeZb5MdvWFrRvY.frswas01_servlet_engine5?nttId=3224583&bbsId=BBSMSTR_1036&pageUnit=10&pageIndex=1&searchtitle=title&searchcont=&searchkey=&searchwriter=&searchWrd=&ctgryLrcls=&ctgryMdcls=&ctgrySmcls=&ntcStartDt=&ntcEndDt=&mn=NKFS_04_02_01&orgId=
서울특별시,서울시 여성가족재단,2026-09-28,"서울시, 초등돌봄‘우리동네키움센터’ 우수 운영사례 공유회 개최",https://www.seoul.go.kr/news/news_report.do?bbsNo=158&nttNo=467134
서울특별시,인재개발원,2026-09-28,"(엠바고09시)(석간) 서울시 2026년도 제1회 신규공무원 임용시험, 2,775명 최종 선발",https://www.seoul.go.kr/news/news_report.do?bbsNo=158&nttNo=467131
서울특별시,미래한강본부,2026-09-28,"(석간) 한강버스 요금 체계 개편…서울시, 각계각층 의견 수렴 공청회 개최",https://www.seoul.go.kr/news/news_report.do?bbsNo=158&nttNo=467132
산림청,산림청,2026-09-28,"[국립자연휴양림관리소] 도심에서 즐기는 자연휴양림...체험부터 힐링까지!  - 10월 3일, 용인 동백호수공원에서 ‘휴-문화 Day(in 용인)’ 행사 개최산림청 국립자연휴양림관리소(소장 김일숙)는 10월 3일 오전 10시부터 오후 4시까지 경기도 용인특례시 동백호수공원에서 2026년 국립자연휴양림 산림문화 행사 ‘휴-문화 Day(in 용인)...",https://www.forest.go.kr/kfsweb/cop/bbs/selectBoardArticle.do;jsessionid=12K6dWAS1B2EsVkcavH7oPW8jGcb3Y10fwaNoQXltwG1GoYVT4GeZb5MdvWFrRvY.frswas01_servlet_engine5?nttId=3224576&bbsId=BBSMSTR_1036&pageUnit=10&pageIndex=1&searchtitle=title&searchcont=&searchkey=&searchwriter=&searchWrd=&ctgryLrcls=&ctgryMdcls=&ctgrySmcls=&ntcStartDt=&ntcEndDt=&mn=NKFS_04_02_01&orgId=
서울특별시,토지관리과,2026-09-28,"(석간) 서울시-한국부동산분석학회,  부동산공시가격 검증지원센터 역할 강화 방안 논의",https://www.seoul.go.kr/news/news_report.do?bbsNo=158&nttNo=467130
기후에너지환경부,온실가스종합정보센터,2026-09-28,투명성이 이끄는 기후행동 주제로 기후위기 대응 전담 연구기관 역할 논의,https://www.mcee.go.kr/home/web/board/read.do;jsessionid=gHVAAmnAAargQkE-GCxAWoCwLJSyWl-nevSgWsyU.mehome1?pagerOffset=0&maxPageItems=10&maxIndexPages=10&searchKey=&searchValue=&menuId=10598&orgCd=&boardId=1894590&boardMasterId=939&boardCategoryId=&decorator=
산림청,산림청,2026-09-28,"[국립산림과학원] 국립산림과학원, 산업계와 함께 갑질 근절·상호존중 문화 확산 -...  산림청 국립산림과학원(원장 김용관)은 지난 18일(금) 합판·보드 산업 관계자들과 함께 갑질을 예방하고 청렴한 조직문화 조성을 위한 캠페인을 실시했다고 밝혔다.이번 활동은 국립산림과학원 목재공학연구과 연구진과 합판·보드 산업 관계자들이 참여한 세미나와 연계해 추진됐으며...",https://www.forest.go.kr/kfsweb/cop/bbs/selectBoardArticle.do;jsessionid=12K6dWAS1B2EsVkcavH7oPW8jGcb3Y10fwaNoQXltwG1GoYVT4GeZb5MdvWFrRvY.frswas01_servlet_engine5?nttId=3224596&bbsId=BBSMSTR_1036&pageUnit=10&pageIndex=1&searchtitle=title&searchcont=&searchkey=&searchwriter=&searchWrd=&ctgryLrcls=&ctgryMdcls=&ctgrySmcls=&ntcStartDt=&ntcEndDt=&mn=NKFS_04_02_01&orgId=
산림청,산림청,2026-09-28,"[국립산림과학원] 산림탄소 연구의 ‘투명성’ 청렴한 업무로 잇는다 - 국립산림과학...  산림청 국립산림과학원(원장 김용관) 산림탄소 연구의 신뢰를 높이기 위해 정확하고 투명한 연구와 청렴한 업무 수행을 실천하겠다고 밝혔다.국립산림과학원 산림탄소연구센터는 우리나라 산림의 탄소 배출?흡수량을 산정하고, 국가 온실가스 감축목표(NDC) 이행에 필요한 과학적 근...",https://www.forest.go.kr/kfsweb/cop/bbs/selectBoardArticle.do;jsessionid=12K6dWAS1B2EsVkcavH7oPW8jGcb3Y10fwaNoQXltwG1GoYVT4GeZb5MdvWFrRvY.frswas01_servlet_engine5?nttId=3224614&bbsId=BBSMSTR_1036&pageUnit=10&pageIndex=1&searchtitle=title&searchcont=&searchkey=&searchwriter=&searchWrd=&ctgryLrcls=&ctgryMdcls=&ctgrySmcls=&ntcStartDt=&ntcEndDt=&mn=NKFS_04_02_01&orgId=
공정거래위원회,심판총괄담당관,2026-09-28,공정거래위원회 사건절차규칙 개정·시행,"https://www.ftc.go.kr/www/selectBbsNttView.do?pageUnit=10&pageIndex=1&searchCnd=all&key=12&bordCd=3&searchCtgry=01,02&nttSn=48056"
공정거래위원회,가맹거래조사과,2026-09-28,명륜당의 부당한 지원행위 및 가맹사업법 위반행위 제재,"https://www.ftc.go.kr/www/selectBbsNttView.do?pageUnit=10&pageIndex=1&searchCnd=all&key=12&bordCd=3&searchCtgry=01,02&nttSn=48055"
공정거래위원회,경쟁정책과,2026-09-28,"당정, 반복 담합 근절 입법 추진방안 발표","https://www.ftc.go.kr/www/selectBbsNttView.do?pageUnit=10&pageIndex=1&searchCnd=all&key=12&bordCd=3&searchCtgry=01,02&nttSn=48054"
국토교통부,건설정책과,2026-09-28,’26.2분기 건설공사 계약액,https://www.molit.go.kr/USR/NEWS/m_71/dtl.jsp?lcmspage=1&id=95092455
국토교통부,광역교통경제과,2026-09-28,모두의카드 출퇴근 시차시간 혜택 계속 이어간다,https://www.molit.go.kr/USR/NEWS/m_71/dtl.jsp?lcmspage=1&id=95092459
국토교통부,도시경제과,2026-09-28,인공지능(AI) 도시·스마트 도시 석·박사 인재 키울 대학 4곳 선정,https://www.molit.go.kr/USR/NEWS/m_71/dtl.jsp?lcmspage=1&id=95092460
국토교통부,도시재생과,2026-09-28,"[차관동정] 김이탁 제1차관, “현장의 목소리를 도시재생 정책 변화로 이어가겠다”",https://www.molit.go.kr/USR/NEWS/m_71/dtl.jsp?lcmspage=1&id=95092464
산림청,산림청,2026-09-28,"[국립산림과학원] 일흔 그루에 새긴 청렴의 약속, 임목육종 70년의 역사를 잇다 ...  산림청 국립산림과학원(원장 김용관)은 지난 22일 임목육종 70주년 기념 전시림 관리와 연계한 청렴 실천 캠페인을 실시했다고 밝혔다.산림생명자원연구부 임목자원연구과에서 주관한 이번 캠페인은 그동안 축적해 온 임목육종 연구 성과를 되새기고, 산림생명자원을 책임 있게 관리...",https://www.forest.go.kr/kfsweb/cop/bbs/selectBoardArticle.do;jsessionid=12K6dWAS1B2EsVkcavH7oPW8jGcb3Y10fwaNoQXltwG1GoYVT4GeZb5MdvWFrRvY.frswas01_servlet_engine5?nttId=3224580&bbsId=BBSMSTR_1036&pageUnit=10&pageIndex=1&searchtitle=title&searchcont=&searchkey=&searchwriter=&searchWrd=&ctgryLrcls=&ctgryMdcls=&ctgrySmcls=&ntcStartDt=&ntcEndDt=&mn=NKFS_04_02_01&orgId=
서울특별시,홍보담당관,2026-09-28,"(석간) “바람 한 줄, 단풍 한 장, 골목마다 가을이 시가 된다” 서울시, 가을 정취 담은 서울꿈새김판 새단장",https://www.seoul.go.kr/news/news_report.do?bbsNo=158&nttNo=467129
기후에너지환경부,생활하수과,2026-09-28,"하수열로 지역난방, 하수처리장 에너지 자립 기반 다진다",https://www.mcee.go.kr/home/web/board/read.do;jsessionid=gHVAAmnAAargQkE-GCxAWoCwLJSyWl-nevSgWsyU.mehome1?pagerOffset=0&maxPageItems=10&maxIndexPages=10&searchKey=&searchValue=&menuId=10598&orgCd=&boardId=1894580&boardMasterId=939&boardCategoryId=&decorator=
행정안전부,주민자치혁신과,2026-09-28,"“주민의 직접참여 확대, 지방정부와 함께 만든다” 행안부, 주민참여제도 담당 공무원 워크숍 개최",https://www.mois.go.kr/frt/bbs/type010/commonSelectBoardArticle.do?bbsId=BBSMSTR_000000000008&nttId=129792
행정안전부,사회연대경제제도과,2026-09-28,"윤호중 장관,  사회연대경제 고위급 회의 참석하고 스페인·세네갈과 협력 양해각서 체결",https://www.mois.go.kr/frt/bbs/type010/commonSelectBoardArticle.do?bbsId=BBSMSTR_000000000008&nttId=129777
행정안전부,인공지능정부협력과,2026-09-28,"AI 정부 사절단, BSEC 회원국과  공공 혁신의 미래 논의",https://www.mois.go.kr/frt/bbs/type010/commonSelectBoardArticle.do?bbsId=BBSMSTR_000000000008&nttId=129790
행정안전부,재난안전산업과,2026-09-28,"일본 리스콘 한국관 3년 연속 운영, 한‧일 재난안전산업 협력 강화",https://www.mois.go.kr/frt/bbs/type010/commonSelectBoardArticle.do?bbsId=BBSMSTR_000000000008&nttId=129793
서울특별시,도시관리과,2026-09-27,제16차 서울특별시 도시·건축공동위원회 개최결과,https://www.seoul.go.kr/news/news_report.do?bbsNo=158&nttNo=467121
서울특별시,중장년지원과,2026-09-27,“중장년의 경험을 사회공헌으로”…서울시 2026 가치동행한마당 개최,https://www.seoul.go.kr/news/news_report.do?bbsNo=158&nttNo=467122
서울특별시,관광산업과,2026-09-27,남산에서 만나는 다채로운 K-콘텐츠… 「2026 서울관광 ON 페스타」 개최,https://www.seoul.go.kr/news/news_report.do?bbsNo=158&nttNo=467123
서울특별시,농수산유통과,2026-09-27,"보관부터 소분·포장까지 한곳에서… 서울시, 강서시장 상품화 시설 건립",https://www.seoul.go.kr/news/news_report.do?bbsNo=158&nttNo=467124
서울특별시,외국인이민담당관,2026-09-27,"글로벌 인재와 기업을 한 자리에…서울시, 외국인 채용 우수기업 모집",https://www.seoul.go.kr/news/news_report.do?bbsNo=158&nttNo=467125
서울특별시,양성평등담당관,2026-09-27,"이름 바꾼 '동행안심벨', 그립톡형 등으로 더 편리해진다…9.28.부터 사전신청",https://www.seoul.go.kr/news/news_report.do?bbsNo=158&nttNo=467126
서울특별시,보건의료정책과,2026-09-27,"서울시, 125개소 프로포폴 관리실태 들여다보니…26개소 위반",https://www.seoul.go.kr/news/news_report.do?bbsNo=158&nttNo=467127
서울특별시,도로시설과,2026-09-27,어두웠던 교량 아래가 밤이 되면 빛의 명소로… '서울 라이트업' 본격 추진,https://www.seoul.go.kr/news/news_report.do?bbsNo=158&nttNo=467128
행정안전부,재난안전데이터과,2026-09-27,"인공지능(AI)으로 만드는 안전한 일상, 재난안전 분야 인공지능 전환 본격 시동",https://www.mois.go.kr/frt/bbs/type010/commonSelectBoardArticle.do?bbsId=BBSMSTR_000000000008&nttId=129741
행정안전부,재난정보통신과,2026-09-27,"AI로 재난안전 업무 혁신, 우수사례 찾는다",https://www.mois.go.kr/frt/bbs/type010/commonSelectBoardArticle.do?bbsId=BBSMSTR_000000000008&nttId=129740
기후에너지환경부,국제환경 개발협약팀,2026-09-27,한-타지키스탄 태양광 국제개발협력(ODA) 사업 준공식 개최,https://www.mcee.go.kr/home/web/board/read.do;jsessionid=gHVAAmnAAargQkE-GCxAWoCwLJSyWl-nevSgWsyU.mehome1?pagerOffset=0&maxPageItems=10&maxIndexPages=10&searchKey=&searchValue=&menuId=10598&orgCd=&boardId=1894460&boardMasterId=939&boardCategoryId=&decorator=
국토교통부,도시재생과,2026-09-27,도시의 오늘과 미래를 한눈에 … 29일부터 도시·지역혁신 박람회,https://www.molit.go.kr/USR/NEWS/m_71/dtl.jsp?lcmspage=1&id=95092456
기후에너지환경부,에너지안전 효율과,2026-09-27,전기재해 예방 및 안전관리 강화… 전기안전관리 실태 조사,https://www.mcee.go.kr/home/web/board/read.do;jsessionid=gHVAAmnAAargQkE-GCxAWoCwLJSyWl-nevSgWsyU.mehome1?pagerOffset=0&maxPageItems=10&maxIndexPages=10&searchKey=&searchValue=&menuId=10598&orgCd=&boardId=1894470&boardMasterId=939&boardCategoryId=&decorator=
서울특별시,관광정책과,2026-09-26,(엠바고09시)(자료제공) 서울 곳곳에 한가위 즐거움 가득… 외국인 관광객·시민 함께 명절 즐긴다,https://www.seoul.go.kr/news/news_report.do?bbsNo=158&nttNo=467120
서울특별시,복지정책과,2026-09-25,"(엠바고09시)(자료제공) 서울시, 추석에도 '복지안전망 정상 가동'… 취약 어르신 4만명·고립위험 7만가구 안부 확인",https://www.seoul.go.kr/news/news_report.do?bbsNo=158&nttNo=467117
서울특별시,언론담당관,2026-09-24,"(자료제공) 서울시장 사후동정 -오세훈 시장, 24일(목) 한부모가족 복지시설 ‘애란원’ 방문",https://www.seoul.go.kr/news/news_report.do?bbsNo=158&nttNo=467110
서울특별시,미래한강본부,2026-09-24,"(엠바고09시)(자료제공) ""이번 추석, 고민 말고 한강으로 오세요""…한강서 즐기는 풍성한 한가위",https://www.seoul.go.kr/news/news_report.do?bbsNo=158&nttNo=467115
서울특별시,보건환경연구원,2026-09-24,"(엠바고09시)(자료제공) 여름철 노로바이러스 전년보다 70배 급증… 서울시, “추석 식중독 주의”",https://www.seoul.go.kr/news/news_report.do?bbsNo=158&nttNo=467116
국토교통부,철도운영과,2026-09-23,"철도역은 편리하게, 이동은 더 촘촘하게 …코레일 자회사 통합",https://www.molit.go.kr/USR/NEWS/m_71/dtl.jsp?lcmspage=1&id=95092449
서울특별시,고독대응과,2026-09-23,(엠바고10시30분)(석간) 외로움·고립예방부터 관계회복까지… '서울잇다플레이스' 23일 문 연다,https://www.seoul.go.kr/news/news_report.do?bbsNo=158&nttNo=467018
서울특별시,미래한강본부,2026-09-23,(석간) 장소 대관·스드메 무료…광나루 한강공원 '장밋빛 결혼식' 청년까지 확대,https://www.seoul.go.kr/news/news_report.do?bbsNo=158&nttNo=467016
서울특별시,서울시120다산콜재단,2026-09-23,(석간) 설립이래 최초 채팅·수어까지 모든 분야 24시간 상담 전면 확대…누구나 필요할 때 ‘끊김없는 120상담’,https://www.seoul.go.kr/news/news_report.do?bbsNo=158&nttNo=467015
서울특별시,한옥건축자산과,2026-09-23,"(석간) 인증제 10년, 전통과 현대 어우러진 '우수한옥' 찾았다…제11회 서울우수한옥 인증 공모",https://www.seoul.go.kr/news/news_report.do?bbsNo=158&nttNo=467007
서울특별시,서울식물원,2026-09-23,"(석간) 서울식물원, 참여형 전시‘컬러헌터’에서 나만의 색을 찾아보세요",https://www.seoul.go.kr/news/news_report.do?bbsNo=158&nttNo=467006
기후에너지환경부,재생에너지 정책과,2026-09-23,포항지진 아픔 위에 ‘지진안전 거점’ 세운다… 기후부·기상청·경북도·포항시 업무협약 체결,https://www.mcee.go.kr/home/web/board/read.do;jsessionid=gHVAAmnAAargQkE-GCxAWoCwLJSyWl-nevSgWsyU.mehome1?pagerOffset=0&maxPageItems=10&maxIndexPages=10&searchKey=&searchValue=&menuId=10598&orgCd=&boardId=1894080&boardMasterId=939&boardCategoryId=&decorator=
산림청,산림청,2026-09-23,"[남부지방산림청] 구미국유림관리소, 가을철 임산물 불법 채취 집중 단속 실시  - 드론 및 산림특별사법경찰 투입, 적발 시 엄중 처벌 방침 -남부지방산림청 구미국유림관리소(소장 박소영)(이하 “구미관리소”라 함)는 가을철 버섯류 생산 시기와 고향 방문객이 증가하는 추석 연휴 등 야외활동이 증가하는 계절에 맞춰, 오는 10월 말까지 ‘가을철 산림 ...",https://www.forest.go.kr/kfsweb/cop/bbs/selectBoardArticle.do;jsessionid=NHlDq1hQ3fkLcGrYan9XbfI4n9NaQHSGfuH3BkjwdCwt9z4DTAYNZSnLGAzcKz9M.frswas01_servlet_engine5?nttId=3224505&bbsId=BBSMSTR_1036&pageUnit=10&pageIndex=3&searchtitle=title&searchcont=&searchkey=&searchwriter=&searchWrd=&ctgryLrcls=&ctgryMdcls=&ctgrySmcls=&ntcStartDt=&ntcEndDt=&mn=NKFS_04_02_01&orgId=
기후에너지환경부,화학제품관리과,2026-09-23,"생활화학제품 2,213개 안전성 조사… 해외직구 향·도색·접착 제품에 부적합 집중",https://www.mcee.go.kr/home/web/board/read.do;jsessionid=gHVAAmnAAargQkE-GCxAWoCwLJSyWl-nevSgWsyU.mehome1?pagerOffset=0&maxPageItems=10&maxIndexPages=10&searchKey=&searchValue=&menuId=10598&orgCd=&boardId=1894070&boardMasterId=939&boardCategoryId=&decorator=
국방부,"국방부장관, 미셸 스틸 주한미국대사 접견새글",2026-09-23,"국방부장관, 미셸 스틸 주한미국대사 접견
새글",https://www.mnd.go.kr/bbs/mnd/13000005/DPIM_121563/artclView.do
국방부,"국방부, 영화 <실미도> 안내자막 수정새글",2026-09-23,"국방부, 영화 <실미도> 안내자막 수정
새글",https://www.mnd.go.kr/bbs/mnd/13000005/DPIM_121562/artclView.do
국토교통부,교통정책총괄과,2026-09-23,[장관동정] 추석 귀성길 안전·편의 빈틈없도록 … 주요 교통현장 집중 점검,https://www.molit.go.kr/USR/NEWS/m_71/dtl.jsp?lcmspage=1&id=95092458
공정거래위원회,시장감시정책과,2026-09-23,공정거래법 시행령 및 자진신고자 감면 고시 개정안 입법·행정예고,"https://www.ftc.go.kr/www/selectBbsNttView.do?pageUnit=10&pageIndex=1&searchCnd=all&key=12&bordCd=3&searchCtgry=01,02&nttSn=48044"
서울특별시,서북병원,2026-09-23,"서울시 서북병원, 덴마크·케냐 보건 관계자 잇따라 맞아 공공의료 운영 경험 국제 교류 확대",https://www.seoul.go.kr/news/news_report.do?bbsNo=158&nttNo=467025
서울특별시,서울시복지재단,2026-09-23,"(석간) 서울시복지재단, 발달장애인 금융역량 키워 지역사회 자립 돕는다",https://www.seoul.go.kr/news/news_report.do?bbsNo=158&nttNo=467005
서울특별시,서울시 여성가족재단,2026-09-23,"(석간) “개발자와 소통부터 AI 서비스 설계까지” 서울시여성가족재단, AX 세미나 개최",https://www.seoul.go.kr/news/news_report.do?bbsNo=158&nttNo=467004
산림청,산림청,2026-09-23,"[남부지방산림청] 울진국유림관리소, 소나무재선충병 확산 방지를 위해 화목보일러 가...  울진국유림관리소, 소나무재선충병 확산 방지를 위해 화목보일러 가구 특별 점검 실시- 감염목의 인위적 이동 차단으로 소중한 산림자원 보호에 총력 -울진국유림관리소는 소나무재선충병의 인위적인 확산을 방지하고 지역 산림을 보호하기 위해 관내 화목보일러 사용 가구를 대상으로 ...",https://www.forest.go.kr/kfsweb/cop/bbs/selectBoardArticle.do;jsessionid=NHlDq1hQ3fkLcGrYan9XbfI4n9NaQHSGfuH3BkjwdCwt9z4DTAYNZSnLGAzcKz9M.frswas01_servlet_engine5?nttId=3224504&bbsId=BBSMSTR_1036&pageUnit=10&pageIndex=3&searchtitle=title&searchcont=&searchkey=&searchwriter=&searchWrd=&ctgryLrcls=&ctgryMdcls=&ctgrySmcls=&ntcStartDt=&ntcEndDt=&mn=NKFS_04_02_01&orgId=
국방부,"강신철 국방부장관, 취임 후 첫 공식 현장지도로 서부전선 최전방 부대 방문새글",2026-09-23,"강신철 국방부장관, 취임 후 첫 공식 현장지도로 서부전선 최전방 부대 방문
새글",https://www.mnd.go.kr/bbs/mnd/13000005/DPIM_121566/artclView.do
서울특별시,건축기획과,2026-09-23,서울시 성수·문정 448세대 공급 및 국립중앙의료원 현대화 건축 심의 통과,https://www.seoul.go.kr/news/news_report.do?bbsNo=158&nttNo=467024
산림청,산림청,2026-09-23,[국립수목원] 가을 주말 국립수목원 주차공간 넓어진다…88면 추가 시범 개방  - 10월 3일부터 11월 말까지 종합연구동 주차장 예약제 운영 - 산림청 국립수목원은 가을 단풍철 주말 관람객의 주차 편의를 높이기 위해 10월 3일부터 11월 말까지 종합연구동 주차장 88면을 시범 개방한다고 밝혔다. 종합연구동 주차장은 매주 토·일요일 예약제로 운...,https://www.forest.go.kr/kfsweb/cop/bbs/selectBoardArticle.do;jsessionid=12K6dWAS1B2EsVkcavH7oPW8jGcb3Y10fwaNoQXltwG1GoYVT4GeZb5MdvWFrRvY.frswas01_servlet_engine5?nttId=3224545&bbsId=BBSMSTR_1036&pageUnit=10&pageIndex=1&searchtitle=title&searchcont=&searchkey=&searchwriter=&searchWrd=&ctgryLrcls=&ctgryMdcls=&ctgrySmcls=&ntcStartDt=&ntcEndDt=&mn=NKFS_04_02_01&orgId=
서울특별시,한성백제박물관,2026-09-23,영아 전용 놀이 문화공간 통했다…서울형 키즈카페 한성백제박물관점 호응,https://www.seoul.go.kr/news/news_report.do?bbsNo=158&nttNo=467026
산림청,산림청,2026-09-23,"[북부지방산림청] 북부지방산림청, 임농복합경영 수확물로 지역사회에 따뜻한 온정 나...  북부지방산림청, 임농복합경영 수확물로 지역사회에 따뜻한 온정 나눔- 추석 앞두고 직접 재배한 옥수수 가공품(옥수수차·뻥튀기) 보육원 및 노인복지센터에 전달 - 북부지방산림청(청장 송준호)은 추석 명절을 앞두고 파주남북산림협력센터 내 '임농복합경영 모델림'에서 직접 재배...",https://www.forest.go.kr/kfsweb/cop/bbs/selectBoardArticle.do;jsessionid=GsfXQv8kAsWFI5F2aAuDfmT6PHSKnbR6f9jHH2bWEtGsacVtTVTfNq1N8nN8gmCD.frswas01_servlet_engine5?nttId=3224514&bbsId=BBSMSTR_1036&pageUnit=10&pageIndex=2&searchtitle=title&searchcont=&searchkey=&searchwriter=&searchWrd=&ctgryLrcls=&ctgryMdcls=&ctgrySmcls=&ntcStartDt=&ntcEndDt=&mn=NKFS_04_02_01&orgId=
산림청,산림청,2026-09-23,"[중부지방산림청] 충주국유림관리소, 추석 맞이 아동복지시설 위문 및 규제합리화 홍...  산림청 충주국유림관리소(소장 조창준)는 23일, 추석 명절을 맞아 충청북도 음성군에 위치한 아동복지시설 ‘음성향애원’을 방문하여 위문 활동과 함께 산림 분야 규제합리화 대표사례 홍보를 실시했다고 밝혔다.이번 행사는 민족 대명절인 추석을 앞두고 자칫 소외되기 쉬운 지역 ...",https://www.forest.go.kr/kfsweb/cop/bbs/selectBoardArticle.do;jsessionid=12K6dWAS1B2EsVkcavH7oPW8jGcb3Y10fwaNoQXltwG1GoYVT4GeZb5MdvWFrRvY.frswas01_servlet_engine5?nttId=3224548&bbsId=BBSMSTR_1036&pageUnit=10&pageIndex=1&searchtitle=title&searchcont=&searchkey=&searchwriter=&searchWrd=&ctgryLrcls=&ctgryMdcls=&ctgrySmcls=&ntcStartDt=&ntcEndDt=&mn=NKFS_04_02_01&orgId=
산림청,산림청,2026-09-23,"[산림항공본부] 양산산림항공관리소, 통도사 일원서 대대적 합동 캠페인  양산산림항공관리소, 통도사 일원서 대대적 합동 캠페인- 산불 없는 안전한 한가위 조성 -산림청 양산산림항공관리소(소장 김병한)는 추석 연휴 기간 산불재난을 선제적으로 예방하고 안전한 명절 분위기를 조성하기 위해 9월 23일(수) 통도사 산문 주차장 일원에서 양산국유림관...",https://www.forest.go.kr/kfsweb/cop/bbs/selectBoardArticle.do;jsessionid=12K6dWAS1B2EsVkcavH7oPW8jGcb3Y10fwaNoQXltwG1GoYVT4GeZb5MdvWFrRvY.frswas01_servlet_engine5?nttId=3224549&bbsId=BBSMSTR_1036&pageUnit=10&pageIndex=1&searchtitle=title&searchcont=&searchkey=&searchwriter=&searchWrd=&ctgryLrcls=&ctgryMdcls=&ctgrySmcls=&ntcStartDt=&ntcEndDt=&mn=NKFS_04_02_01&orgId=
산림청,산림청,2026-09-23,"[국립산림과학원] 지위는 낮추고, 경청은 높이고... -국립산림과학원, 갑질근절과...  산림청 국립산림과학원(원장 김용관) 23일(수) 경기 수원특례시 산림생명자원연구부에서 출근하는 직원들을 대상으로 ‘갑질근절 청렴캠페인’을 실시했다고 밝혔다. 이번 캠페인은 산림미생물이용연구과 주관으로, 직위와 권한을 이용한 일방적인 업무 지시와 부당한 요구를 예방하고 ...",https://www.forest.go.kr/kfsweb/cop/bbs/selectBoardArticle.do;jsessionid=GsfXQv8kAsWFI5F2aAuDfmT6PHSKnbR6f9jHH2bWEtGsacVtTVTfNq1N8nN8gmCD.frswas01_servlet_engine5?nttId=3224544&bbsId=BBSMSTR_1036&pageUnit=10&pageIndex=2&searchtitle=title&searchcont=&searchkey=&searchwriter=&searchWrd=&ctgryLrcls=&ctgryMdcls=&ctgrySmcls=&ntcStartDt=&ntcEndDt=&mn=NKFS_04_02_01&orgId=
산림청,산림청,2026-09-23,"[국립산림과학원] 풍성한 가을 결실에 청렴을 더해... - 국립산림과학원, 추석맞...  산림청 국립산림과학원(원장 김용관)은 지난 18일(금) 산림순환경영연구과 직원들이 참석한 가운데, 숲푸드 팝업스토어가 열린 홍릉숲 일대에서 청렴 문화 확산을 위한 ‘청렴 캠페인’을 실시했다.이번 캠페인은 공직사회의 반부패·청렴 의식을 제고하고, 국민과 함께 일상 속 청...",https://www.forest.go.kr/kfsweb/cop/bbs/selectBoardArticle.do;jsessionid=GsfXQv8kAsWFI5F2aAuDfmT6PHSKnbR6f9jHH2bWEtGsacVtTVTfNq1N8nN8gmCD.frswas01_servlet_engine5?nttId=3224537&bbsId=BBSMSTR_1036&pageUnit=10&pageIndex=2&searchtitle=title&searchcont=&searchkey=&searchwriter=&searchWrd=&ctgryLrcls=&ctgryMdcls=&ctgrySmcls=&ntcStartDt=&ntcEndDt=&mn=NKFS_04_02_01&orgId=
산림청,산림청,2026-09-23,"[국립산림과학원] 국산 합판·보드 산업 경쟁력 강화 위해 산·연·관 머리 맞대 -...  산림청 국립산림과학원(원장 김용관)은 지난 17일부터 이틀간 한국산림복지진흥원 종합교육센터에서 국내 합판·보드 산업의 경쟁력 강화를 위한 산업계 소통 간담회를 개최했다고 밝혔다. 최근 국내 합판·보드 산업은 원료 수급과 생산비용 증가, 수입제품과의 경쟁, 건설·가구시장...",https://www.forest.go.kr/kfsweb/cop/bbs/selectBoardArticle.do;jsessionid=GsfXQv8kAsWFI5F2aAuDfmT6PHSKnbR6f9jHH2bWEtGsacVtTVTfNq1N8nN8gmCD.frswas01_servlet_engine5?nttId=3224536&bbsId=BBSMSTR_1036&pageUnit=10&pageIndex=2&searchtitle=title&searchcont=&searchkey=&searchwriter=&searchWrd=&ctgryLrcls=&ctgryMdcls=&ctgrySmcls=&ntcStartDt=&ntcEndDt=&mn=NKFS_04_02_01&orgId=
산림청,산림청,2026-09-23,[국립수목원] 일터에서 확인하는 ‘내 혈관 숫자’…국립수목원 직원 건강 챙긴다  - 포천시보건소와 혈압·혈당·콜레스테롤 측정부터 1:1 건강상담까지 -산림청 국립수목원(원장 안병기)은 지난 9월 22일 포천시보건소와 함께 직원들을 대상으로 혈압·혈당·콜레스테롤 수치를 확인하고 건강상담을 제공하는 ‘자기혈관 숫자알기-레드서클(Red Circle) 캠...,https://www.forest.go.kr/kfsweb/cop/bbs/selectBoardArticle.do;jsessionid=GsfXQv8kAsWFI5F2aAuDfmT6PHSKnbR6f9jHH2bWEtGsacVtTVTfNq1N8nN8gmCD.frswas01_servlet_engine5?nttId=3224535&bbsId=BBSMSTR_1036&pageUnit=10&pageIndex=2&searchtitle=title&searchcont=&searchkey=&searchwriter=&searchWrd=&ctgryLrcls=&ctgryMdcls=&ctgrySmcls=&ntcStartDt=&ntcEndDt=&mn=NKFS_04_02_01&orgId=
산림청,산림청,2026-09-23,"[서부지방산림청] 서부지방산림청, 추석 연휴·가을철 이용객 대비 국가숲길 현장점검  서부지방산림청, 추석 연휴·가을철 이용객 대비 국가숲길 현장점검- 지리산둘레길 노선 및 주요 시설물 등 안전·관리 현황 집중 점검 -서부지방산림청(청장 김인천)은 추석 연휴와 가을철을 맞아 국가숲길 이용객이 증가할 것으로 예상됨에 따라 9월 23일부터 30일까지 지리산...",https://www.forest.go.kr/kfsweb/cop/bbs/selectBoardArticle.do;jsessionid=GsfXQv8kAsWFI5F2aAuDfmT6PHSKnbR6f9jHH2bWEtGsacVtTVTfNq1N8nN8gmCD.frswas01_servlet_engine5?nttId=3224528&bbsId=BBSMSTR_1036&pageUnit=10&pageIndex=2&searchtitle=title&searchcont=&searchkey=&searchwriter=&searchWrd=&ctgryLrcls=&ctgryMdcls=&ctgrySmcls=&ntcStartDt=&ntcEndDt=&mn=NKFS_04_02_01&orgId=
산림청,산림청,2026-09-23,"[산림항공본부] 안동산림항공관리소, 추석 연휴 산불예방 활동 강화  안동산림항공관리소, 추석 연휴 산불예방 활동 강화-산불진화차·산림드론 활용 홍보방송 및 성묘객·입산객 대상 현장 계도-안동산림항공관리소(소장 신승복)는 추석 연휴를 맞아 9월 21일부터 27일까지 소장 외 공중진화대 7명이 관내 산림 인접 지역을 중심으로 산불예방 홍보...",https://www.forest.go.kr/kfsweb/cop/bbs/selectBoardArticle.do;jsessionid=GsfXQv8kAsWFI5F2aAuDfmT6PHSKnbR6f9jHH2bWEtGsacVtTVTfNq1N8nN8gmCD.frswas01_servlet_engine5?nttId=3224527&bbsId=BBSMSTR_1036&pageUnit=10&pageIndex=2&searchtitle=title&searchcont=&searchkey=&searchwriter=&searchWrd=&ctgryLrcls=&ctgryMdcls=&ctgrySmcls=&ntcStartDt=&ntcEndDt=&mn=NKFS_04_02_01&orgId=
서울특별시,서울시50플러스재단,2026-09-23,"“70여 개 기업, 중장년 3천 명 만난다”…서울시, 일자리박람회 참여자 모집",https://www.seoul.go.kr/news/news_report.do?bbsNo=158&nttNo=467027
산림청,산림청,2026-09-23,"[서부지방산림청] 함양국유림관리소, 추석 연휴 산불방지 특별대책 가동  서부지방산림청 함양국유림관리소(소장 심종민)는 추석 연휴 기간 성묘객과 등산객 증가에 따른 산불 위험을 차단하기 위해 9월 21일부터 27일까지 ‘산불예방 집중 계도 기간’을 운영한다 산림재난대응팀에서는 연휴기간 비상근무 체계를 가동하여 산불대책본부 상황실 운영 및 산...",https://www.forest.go.kr/kfsweb/cop/bbs/selectBoardArticle.do;jsessionid=GsfXQv8kAsWFI5F2aAuDfmT6PHSKnbR6f9jHH2bWEtGsacVtTVTfNq1N8nN8gmCD.frswas01_servlet_engine5?nttId=3224525&bbsId=BBSMSTR_1036&pageUnit=10&pageIndex=2&searchtitle=title&searchcont=&searchkey=&searchwriter=&searchWrd=&ctgryLrcls=&ctgryMdcls=&ctgrySmcls=&ntcStartDt=&ntcEndDt=&mn=NKFS_04_02_01&orgId=
산림청,산림청,2026-09-23,"[동부지방산림청] 동부지방산림청, 추석 앞두고 임가 찾아 격려  동부지방산림청(청장 남송희)은 추석 명절을 앞둔 9월 23일, 관내 유실수 재배 임가를 직접 방문하여 임업인의 노고를 격려하고 현장의 목소리를 청취했다. 이날 남송희 동부지방산림청장은 임산물 재배 현황과 생산 과정을 살펴보고, 밤 재배 임가에서 직접 밤 줍기에 참여해 ...",https://www.forest.go.kr/kfsweb/cop/bbs/selectBoardArticle.do;jsessionid=GsfXQv8kAsWFI5F2aAuDfmT6PHSKnbR6f9jHH2bWEtGsacVtTVTfNq1N8nN8gmCD.frswas01_servlet_engine5?nttId=3224524&bbsId=BBSMSTR_1036&pageUnit=10&pageIndex=2&searchtitle=title&searchcont=&searchkey=&searchwriter=&searchWrd=&ctgryLrcls=&ctgryMdcls=&ctgrySmcls=&ntcStartDt=&ntcEndDt=&mn=NKFS_04_02_01&orgId=
산림청,산림청,2026-09-23,"[국립산림품종관리센터] 채종원산 종자 처리·선별 현장, 안전사고 예방에 총력  채종원산 종자 처리·선별 현장, 안전사고 예방에 총력- 국립산림품종관리센터, 종자처리시설 근로자 대상 안전보건 캠페인 실시 -산림청 국립산림품종관리센터(센터장 김명관)는 9월 23일 종자처리동 내 산림종자처리시설 및 특수저온저장시설에서 근무하는 근로자를 대상으로 ‘안전...",https://www.forest.go.kr/kfsweb/cop/bbs/selectBoardArticle.do;jsessionid=GsfXQv8kAsWFI5F2aAuDfmT6PHSKnbR6f9jHH2bWEtGsacVtTVTfNq1N8nN8gmCD.frswas01_servlet_engine5?nttId=3224526&bbsId=BBSMSTR_1036&pageUnit=10&pageIndex=2&searchtitle=title&searchcont=&searchkey=&searchwriter=&searchWrd=&ctgryLrcls=&ctgryMdcls=&ctgrySmcls=&ntcStartDt=&ntcEndDt=&mn=NKFS_04_02_01&orgId=
산림청,산림청,2026-09-23,"[국립수목원] 광릉숲에서 시작한 ‘키즈 탐험대’, 수원·부산까지 산림생물 탐사...  - 전국 3개 수목원에서 180가족 참여…지역 특색 살린 탐사 미션 운영 - 산림청 국립수목원(원장 안병기)이 광릉숲에서 시작한 어린이 산림생물 탐사 프로그램 ‘키즈 탐험대’가 수원과 부산으로 무대를 넓혔다. 국립수목원은 ㈜더네이쳐홀딩스(대표 박영준)와 함께 지난 9월...",https://www.forest.go.kr/kfsweb/cop/bbs/selectBoardArticle.do;jsessionid=NHlDq1hQ3fkLcGrYan9XbfI4n9NaQHSGfuH3BkjwdCwt9z4DTAYNZSnLGAzcKz9M.frswas01_servlet_engine5?nttId=3224512&bbsId=BBSMSTR_1036&pageUnit=10&pageIndex=3&searchtitle=title&searchcont=&searchkey=&searchwriter=&searchWrd=&ctgryLrcls=&ctgryMdcls=&ctgrySmcls=&ntcStartDt=&ntcEndDt=&mn=NKFS_04_02_01&orgId=
행정안전부,자치행정과,2026-09-23,"골목길 안전부터 장바구니 온기까지,국민 모두가 안심하는 풍성한 한가위",https://www.mois.go.kr/frt/bbs/type010/commonSelectBoardArticle.do?bbsId=BBSMSTR_000000000008&nttId=129732
산림청,산림청,2026-09-23,"[중부지방산림청] 충주국유림관리소, 추석 연휴 산불예방 총력 대응  충주국유림관리소(소장 조창준)는 추석을 앞두고 성묘객 증가에 따른 산불 발생 위험에 대비해 산불 예방 활동과 총력 대응 태세를 강화한다고 23일 밝혔다.이번 추석 연휴 산불예방 총력 대응은 성묘객이 많이 찾는 장소와 시간대에 산림재난대응단 12명을 집중적으로 배치해 산...",https://www.forest.go.kr/kfsweb/cop/bbs/selectBoardArticle.do;jsessionid=12K6dWAS1B2EsVkcavH7oPW8jGcb3Y10fwaNoQXltwG1GoYVT4GeZb5MdvWFrRvY.frswas01_servlet_engine5?nttId=3224547&bbsId=BBSMSTR_1036&pageUnit=10&pageIndex=1&searchtitle=title&searchcont=&searchkey=&searchwriter=&searchWrd=&ctgryLrcls=&ctgryMdcls=&ctgrySmcls=&ntcStartDt=&ntcEndDt=&mn=NKFS_04_02_01&orgId=
서울특별시,서울브랜드담당관,2026-09-23,日 SNS서 270만 뷰 기록한 그 모자 … 외국인도 반한 '서울굿즈',https://www.seoul.go.kr/news/news_report.do?bbsNo=158&nttNo=467031
서울특별시,도시기반시설본부,2026-09-23,"(자료제공) 서울시 ""GTX-A 삼성역 기둥 보강, 늦어질수록 어려워져…국토부 조속히 결정해야""",https://www.seoul.go.kr/news/news_report.do?bbsNo=158&nttNo=467058
서울특별시,언론담당관,2026-09-23,"(자료제공) 서울시장 사후동정 - 오세훈 시장, 23일(수) 추석 연휴 앞두고 민생 현장 점검",https://www.seoul.go.kr/news/news_report.do?bbsNo=158&nttNo=467071
행정안전부,사회연대경제제도과,2026-09-23,"윤호중 장관, UN 사회연대경제 고위급 회의 참석… 국제사회 협력 주도",https://www.mois.go.kr/frt/bbs/type010/commonSelectBoardArticle.do?bbsId=BBSMSTR_000000000008&nttId=129731
행정안전부,승강기정책과,2026-09-23,"행정안전부, 국민과 함께 ‘에스컬레이터 안전 이용 문화’ 정착 나선다",https://www.mois.go.kr/frt/bbs/type010/commonSelectBoardArticle.do?bbsId=BBSMSTR_000000000008&nttId=129729
행정안전부,안전정책총괄과,2026-09-23,｢생명안전기본법 시행령｣ 제정안 입법예고,https://www.mois.go.kr/frt/bbs/type010/commonSelectBoardArticle.do?bbsId=BBSMSTR_000000000008&nttId=129703
산림청,산림청,2026-09-23,"[국립산림과학원] 숲에서 가장 완벽한 새우튀김을 찾아라! - 국립산림과학원, 제5...  산림청 국립산림과학원(원장 김용관)이 9월 22일부터 10월 18일까지 약 4주간 공식 SNS 채널을 통해 국민 참여형 이색 이벤트인 ‘제5회 새우튀김 자랑대회’를 개최한다.이번 행사는 숲에서 발견할 수 있는 이색 자연물인 잣나무류 구과 대(청설모나 다람쥐가 잣나무·소...",https://www.forest.go.kr/kfsweb/cop/bbs/selectBoardArticle.do;jsessionid=NHlDq1hQ3fkLcGrYan9XbfI4n9NaQHSGfuH3BkjwdCwt9z4DTAYNZSnLGAzcKz9M.frswas01_servlet_engine5?nttId=3224507&bbsId=BBSMSTR_1036&pageUnit=10&pageIndex=3&searchtitle=title&searchcont=&searchkey=&searchwriter=&searchWrd=&ctgryLrcls=&ctgryMdcls=&ctgrySmcls=&ntcStartDt=&ntcEndDt=&mn=NKFS_04_02_01&orgId=
산림청,산림청,2026-09-23,"[남부지방산림청] 영덕국유림관리소, 가을철 산림 내 불법행위 집중단속 실시  - 드론 등 첨단기술 활용한 광역 순찰로 산림 내 불법행위 사전 차단 -산림청 영덕국유림관리소(소장 김진헌)는 가을철 버섯류 등 임산물 채취가 증가하고, 건조한 기상 여건으로 불법소각에 따른 산불 발생 위험이 높아짐에 따라 가을철 산림 내 불법행위 집중단속을 실시한다고...",https://www.forest.go.kr/kfsweb/cop/bbs/selectBoardArticle.do;jsessionid=NHlDq1hQ3fkLcGrYan9XbfI4n9NaQHSGfuH3BkjwdCwt9z4DTAYNZSnLGAzcKz9M.frswas01_servlet_engine5?nttId=3224509&bbsId=BBSMSTR_1036&pageUnit=10&pageIndex=3&searchtitle=title&searchcont=&searchkey=&searchwriter=&searchWrd=&ctgryLrcls=&ctgryMdcls=&ctgrySmcls=&ntcStartDt=&ntcEndDt=&mn=NKFS_04_02_01&orgId=
서울특별시,청소년정책과,2026-09-23,달리고 즐기고 회복하는 하루…「2026 서울청소년축제」 10월 17일 개최,https://www.seoul.go.kr/news/news_report.do?bbsNo=158&nttNo=467029
산림청,산림청,2026-09-22,"[서부지방산림청] 정읍국유림관리소, 순천.영암국유림관리소와 산불재난특수진화대 합동...  정읍국유림관리소, 순천?영암국유림관리소와 산불재난특수진화대 합동 교육 실시- 재난안전기술공단 전문 강사 초빙, 현장 안전 관리 및 진화 전술 고도화-정읍국유림관리소는 서부지방산림청 소속 순천?영암국유림관리소와 다가오는 가을철 산불에 선제적으로 대비하고 진화 인력의 현장...",https://www.forest.go.kr/kfsweb/cop/bbs/selectBoardArticle.do;jsessionid=NHlDq1hQ3fkLcGrYan9XbfI4n9NaQHSGfuH3BkjwdCwt9z4DTAYNZSnLGAzcKz9M.frswas01_servlet_engine5?nttId=3224497&bbsId=BBSMSTR_1036&pageUnit=10&pageIndex=3&searchtitle=title&searchcont=&searchkey=&searchwriter=&searchWrd=&ctgryLrcls=&ctgryMdcls=&ctgrySmcls=&ntcStartDt=&ntcEndDt=&mn=NKFS_04_02_01&orgId=
산림청,산림청,2026-09-22,"[서부지방산림청] 서부지방산림청, 추석 맞이 산불예방 및 산지정화 합동 캠페인 개...  서부지방산림청, 추석 맞이 산불예방 및 산지정화 합동 캠페인 개최- 순천 선암사 일원에서 산불 예방 홍보 -서부지방산림청(청장 김인천)은 다가오는 추석 명절을 맞아 9월 22일(화) 유네스코 세계문화유산이자 생물권보전지역인 순천 선암사 일원에서 ""추석 맞이 산불예방 및...",https://www.forest.go.kr/kfsweb/cop/bbs/selectBoardArticle.do;jsessionid=NHlDq1hQ3fkLcGrYan9XbfI4n9NaQHSGfuH3BkjwdCwt9z4DTAYNZSnLGAzcKz9M.frswas01_servlet_engine5?nttId=3224495&bbsId=BBSMSTR_1036&pageUnit=10&pageIndex=3&searchtitle=title&searchcont=&searchkey=&searchwriter=&searchWrd=&ctgryLrcls=&ctgryMdcls=&ctgrySmcls=&ntcStartDt=&ntcEndDt=&mn=NKFS_04_02_01&orgId=
산림청,산림청,2026-09-22,"[산림항공본부] 청양산림항공관리소, 산불 없는 추석 '집중 계도'...  산림청 청양산림항공관리소는 다가오는 추석 연휴 성묘객과 가을철 입산자 증가에 따른 산불 발생 위험을 선제적으로 차단하기 위해 오는 추석연휴기간 ‘다목적진화차와 드론’을 활용한 산불예방 활동을 실시했다고 밝혔다.이번 특별 활동은 가을철로 접어들며 점차 건조해지는 날씨 속...",https://www.forest.go.kr/kfsweb/cop/bbs/selectBoardArticle.do;jsessionid=NHlDq1hQ3fkLcGrYan9XbfI4n9NaQHSGfuH3BkjwdCwt9z4DTAYNZSnLGAzcKz9M.frswas01_servlet_engine5?nttId=3224493&bbsId=BBSMSTR_1036&pageUnit=10&pageIndex=3&searchtitle=title&searchcont=&searchkey=&searchwriter=&searchWrd=&ctgryLrcls=&ctgryMdcls=&ctgrySmcls=&ntcStartDt=&ntcEndDt=&mn=NKFS_04_02_01&orgId=
국토교통부,공공택지관리과,2026-09-22,"[장관동정] 홍지선 장관, 첫 행보로 3기 신도시 현장점검, “주택공급 실행력 높여 국민 체감성과 창출”",https://www.molit.go.kr/USR/NEWS/m_71/dtl.jsp?lcmspage=1&id=95092452
산림청,산림청,2026-09-22,"[서부지방산림청] 정읍국유림관리소, 가을철 산림 내 불법행위 집중 단속  정읍국유림관리소, 가을철 산림 내 불법행위 집중 단속- 임산물 불법채취 등 관련 불법행위 중점 단속 -산림청 정읍국유림관리소(소장 김정오)는 불법 임산물 채취와 불법 산지전용 등 산림피해 방지를 위해 오는 9월 23일부터 10월 31일까지 ‘가을철 산림 내 불법행위 특...",https://www.forest.go.kr/kfsweb/cop/bbs/selectBoardArticle.do;jsessionid=NHlDq1hQ3fkLcGrYan9XbfI4n9NaQHSGfuH3BkjwdCwt9z4DTAYNZSnLGAzcKz9M.frswas01_servlet_engine5?nttId=3224498&bbsId=BBSMSTR_1036&pageUnit=10&pageIndex=3&searchtitle=title&searchcont=&searchkey=&searchwriter=&searchWrd=&ctgryLrcls=&ctgryMdcls=&ctgrySmcls=&ntcStartDt=&ntcEndDt=&mn=NKFS_04_02_01&orgId=
기후에너지환경부,국립생태원,2026-09-22,"국립생태원, 멸종위기 Ⅱ급 큰바늘꽃 이식 개체 현지 적응 성공 확인",https://www.mcee.go.kr/home/web/board/read.do;jsessionid=gHVAAmnAAargQkE-GCxAWoCwLJSyWl-nevSgWsyU.mehome1?pagerOffset=0&maxPageItems=10&maxIndexPages=10&searchKey=&searchValue=&menuId=10598&orgCd=&boardId=1893130&boardMasterId=939&boardCategoryId=&decorator=
기후에너지환경부,계통운영혁신과,2026-09-22,"이호현 기후부 제2차관, 추석 연휴 경부하기 전력 수급 사전 점검 나선다",https://www.mcee.go.kr/home/web/board/read.do;jsessionid=gHVAAmnAAargQkE-GCxAWoCwLJSyWl-nevSgWsyU.mehome1?pagerOffset=0&maxPageItems=10&maxIndexPages=10&searchKey=&searchValue=&menuId=10598&orgCd=&boardId=1893250&boardMasterId=939&boardCategoryId=&decorator=
기후에너지환경부,핵심자원순환경제추진단,2026-09-22,"폐자동차 구동모터 속 희토류, 순환이용 체계 구축 착수",https://www.mcee.go.kr/home/web/board/read.do;jsessionid=gHVAAmnAAargQkE-GCxAWoCwLJSyWl-nevSgWsyU.mehome1?pagerOffset=0&maxPageItems=10&maxIndexPages=10&searchKey=&searchValue=&menuId=10598&orgCd=&boardId=1893260&boardMasterId=939&boardCategoryId=&decorator=
기후에너지환경부,전력시장과,2026-09-22,"에너지저장장치(ESS) 중앙계약시장 개설, 1,180MW 입찰 공고",https://www.mcee.go.kr/home/web/board/read.do;jsessionid=gHVAAmnAAargQkE-GCxAWoCwLJSyWl-nevSgWsyU.mehome1?pagerOffset=0&maxPageItems=10&maxIndexPages=10&searchKey=&searchValue=&menuId=10598&orgCd=&boardId=1893270&boardMasterId=939&boardCategoryId=&decorator=
서울특별시,언론담당관,2026-09-22,"(보도참고자료) 英로이터, '용산공원 보존' 강조한 오세훈 서울시장 집중 조명",https://www.seoul.go.kr/news/news_report.do?bbsNo=158&nttNo=466993
서울특별시,서울아리수본부,2026-09-22,(자료제공) 영등포구 신길동 성락주유소 앞 교차로 상수도관 누수 발생…교통 통제중,https://www.seoul.go.kr/news/news_report.do?bbsNo=158&nttNo=466986
공정거래위원회,국제기업결합과,2026-09-22,"공정위, 우버-DH(배민) 기업결합 사전 심사 개시","https://www.ftc.go.kr/www/selectBbsNttView.do?pageUnit=10&pageIndex=1&searchCnd=all&key=12&bordCd=3&searchCtgry=01,02&nttSn=48040"
국방부,"강신철 국방부장관, 취임 후 첫 공식 일정으로 전군 주요지휘관회의 주관새글",2026-09-22,"강신철 국방부장관, 취임 후 첫 공식 일정으로 전군 주요지휘관회의 주관
새글",https://www.mnd.go.kr/bbs/mnd/13000005/DPIM_121490/artclView.do
국방부,국방부,2026-09-22,"고(故) 한길진 하사 ‘호국의 영웅 귀환 행사’
새글",https://www.mnd.go.kr/bbs/mnd/13000005/DPIM_121489/artclView.do
국방부,국방부,2026-09-22,"｢군사기지 및 군사시설 보호법｣ 시행령 개정으로 수색비행장 ‘헬기전용기지&rsq
새글",https://www.mnd.go.kr/bbs/mnd/13000005/DPIM_121488/artclView.do
국방부,국방부,2026-09-22,"국방부, 추석 연휴 기간 긴급구조·응급진료 지원태세 유지",https://www.mnd.go.kr/bbs/mnd/13000005/DPIM_121487/artclView.do
행정안전부,혁신기획과,2026-09-22,"복합위기시대 정부정책에 ‘사회적 가치’ 입힌다 행정안전부, 정책 포럼 개최",https://www.mois.go.kr/frt/bbs/type010/commonSelectBoardArticle.do?bbsId=BBSMSTR_000000000008&nttId=129663
행정안전부,국토산업재난대응과,2026-09-22,"반복되는 노후주택 화재  미리 막고, 신속하게 대응한다",https://www.mois.go.kr/frt/bbs/type010/commonSelectBoardArticle.do?bbsId=BBSMSTR_000000000008&nttId=129698
행정안전부,재난관리정책과,2026-09-22,8월 호우 피해 항구복구를 위한 재난특교세 지원,https://www.mois.go.kr/frt/bbs/type010/commonSelectBoardArticle.do?bbsId=BBSMSTR_000000000008&nttId=129697
행정안전부,인공지능정부정책과,2026-09-22,보훈심사부터 치안 현장까지... AI로 더 빠르고 정확한 행정 추진,https://www.mois.go.kr/frt/bbs/type010/commonSelectBoardArticle.do?bbsId=BBSMSTR_000000000008&nttId=129666
행정안전부,공공서비스혁신과,2026-09-22,추석 연휴 공공주차장 무료로 이용하세요,https://www.mois.go.kr/frt/bbs/type010/commonSelectBoardArticle.do?bbsId=BBSMSTR_000000000008&nttId=129665
서울특별시,자연생태과,2026-09-22,"(자료제공) 서울시, 소나무재선충병 확산 차단 총력…관계기관 협력 강화",https://www.seoul.go.kr/news/news_report.do?bbsNo=158&nttNo=466999
서울특별시,주거정비과,2026-09-22,(엠바고10시)(석간) 제20차 서울시 정비사업 통합심의위원회 개최결과,https://www.seoul.go.kr/news/news_report.do?bbsNo=158&nttNo=466959
서울특별시,상권활성화과,2026-09-22,"(엠바고14시) 장보는 시장에서 글로벌 관광명소로… 서울시, 디자인혁신 전통시장 '신중앙시장' 첫 삽",https://www.seoul.go.kr/news/news_report.do?bbsNo=158&nttNo=466958
서울특별시,신속통합기획과,2026-09-22,"홍제동 9-81 일대 신속통합기획 확정…3개 마을 통합 2,520여 세대 숲세권 단지",https://www.seoul.go.kr/news/news_report.do?bbsNo=158&nttNo=466957
산림청,산림청,2026-09-22,"[본청] 박은식 산림청장, 추석맞이 임산물 수급 상황 점검  박은식 산림청장, 추석맞이 임산물 수급 상황 점검- 지역 특산 임산물과 함께 각종 위문품 사회복지시설에 기부 - 산림청(청장 박은식)은 추석 명절을 앞두고 밤·대추 등 주요 임산물의 수급 안정을 위해 23일까지 ‘특별대책반’을 운영하고, 수급 상황을 점검하는 등 임산물...",https://www.forest.go.kr/kfsweb/cop/bbs/selectBoardArticle.do;jsessionid=NHlDq1hQ3fkLcGrYan9XbfI4n9NaQHSGfuH3BkjwdCwt9z4DTAYNZSnLGAzcKz9M.frswas01_servlet_engine5?nttId=3224488&bbsId=BBSMSTR_1036&pageUnit=10&pageIndex=3&searchtitle=title&searchcont=&searchkey=&searchwriter=&searchWrd=&ctgryLrcls=&ctgryMdcls=&ctgrySmcls=&ntcStartDt=&ntcEndDt=&mn=NKFS_04_02_01&orgId=
행정안전부,예방안전제도과,2026-09-21,"추석, 교통사고와 주택화재 조심하세요!",https://www.mois.go.kr/frt/bbs/type010/commonSelectBoardArticle.do?bbsId=BBSMSTR_000000000008&nttId=129605
국방부,국방부,2026-09-21,제29차 한미 통합국방협의체(KIDD) 회의 결과,https://www.mnd.go.kr/bbs/mnd/13000005/DPIM_121371/artclView.do
행정안전부,마약과,2026-09-21,"마약류 범죄 ‘유통’서 ‘국내 직접 제조’로 변모 국과수, 과학적 단속 근거 마련",https://www.mois.go.kr/frt/bbs/type010/commonSelectBoardArticle.do?bbsId=BBSMSTR_000000000008&nttId=129607
행정안전부,환경산림재난대응과,2026-09-21,"산불 대응에 힘을 모은 이들, 한자리에 모였다",https://www.mois.go.kr/frt/bbs/type010/commonSelectBoardArticle.do?bbsId=BBSMSTR_000000000008&nttId=129606
행정안전부,재난안전산업과,2026-09-21,"베트남 씨큐텍 한국관 운영, 국내 재난안전기업 해외 진출 기반 확대",https://www.mois.go.kr/frt/bbs/type010/commonSelectBoardArticle.do?bbsId=BBSMSTR_000000000008&nttId=129592
행정안전부,혁신기획과,2026-09-21,디지털 상품권 결제부터 고깃값 비교까지 똑똑한 추석 장보기로 지역경제 활력 더한다,https://www.mois.go.kr/frt/bbs/type010/commonSelectBoardArticle.do?bbsId=BBSMSTR_000000000008&nttId=129589
행정안전부,재무시설과,2026-09-21,중대범죄수사청 개청준비 현장 점검,https://www.mois.go.kr/frt/bbs/type010/commonSelectBoardArticle.do?bbsId=BBSMSTR_000000000008&nttId=129612
행정안전부,복구.재건지원과,2026-09-21,추석 앞두고 경북 산불 피해지역 이재민 주거 안전 챙긴다,https://www.mois.go.kr/frt/bbs/type010/commonSelectBoardArticle.do?bbsId=BBSMSTR_000000000008&nttId=129646
행정안전부,균형발전제도과,2026-09-21,기업과 지역이 함께 푸는 지역사회 문제… ‘아이디어 솔버톤 대회’ 개최,https://www.mois.go.kr/frt/bbs/type010/commonSelectBoardArticle.do?bbsId=BBSMSTR_000000000008&nttId=129608
행정안전부,교부세과,2026-09-21,"김민재 행안부 차관, 미래대응기금 추진을 위한 지방정부 협조 요청 이어나가",https://www.mois.go.kr/frt/bbs/type010/commonSelectBoardArticle.do?bbsId=BBSMSTR_000000000008&nttId=129604
행정안전부,총무과,2026-09-21,"중수청, 2차 특례임용 희망신청 201명 접수,  10월 2일 출범에 맞춰 순차 임용",https://www.mois.go.kr/frt/bbs/type010/commonSelectBoardArticle.do?bbsId=BBSMSTR_000000000008&nttId=129670
국방부,국방부,2026-09-21,"국방부-강원특별자치도 접경지역 5개군, 제13차 상생발전협의회 개최",https://www.mnd.go.kr/bbs/mnd/13000005/DPIM_121372/artclView.do
공정거래위원회,시장감시정책과,2026-09-21,입찰에 있어서의 부당한 공동행위 및 입찰참가자격 제한요청에 관한 지침」 개정안 행정예고,"https://www.ftc.go.kr/www/selectBbsNttView.do?pageUnit=10&pageIndex=1&searchCnd=all&key=12&bordCd=3&searchCtgry=01,02&nttSn=48035"
행정안전부,디지털안전상황실,2026-09-21,"추석 명절 연휴에도 멈춤 없는 행정서비스 제공 국가정보자원관리원, 주요 정보시스템 현장 점검",https://www.mois.go.kr/frt/bbs/type010/commonSelectBoardArticle.do?bbsId=BBSMSTR_000000000008&nttId=129609
공정거래위원회,기업거래정책과,2026-09-18,공시대상기업집단 대상 하도급대금 공시제도 및 연동제 설명회 개최,"https://www.ftc.go.kr/www/selectBbsNttView.do?pageUnit=10&pageIndex=1&searchCnd=all&key=12&bordCd=3&searchCtgry=01,02&nttSn=48029"
행정안전부,서비스정책과,2026-09-18,환희의 순간부터 변화한 도시와 일상까지 기록으로 다시 읽는 86·88 국제스포츠대회,https://www.mois.go.kr/frt/bbs/type010/commonSelectBoardArticle.do?bbsId=BBSMSTR_000000000008&nttId=129558
행정안전부,안전개선과,2026-09-18,"아이들의 안전한 학교생활 위해,  개학기 학교 주변 안전관리 현장 점검",https://www.mois.go.kr/frt/bbs/type010/commonSelectBoardArticle.do?bbsId=BBSMSTR_000000000008&nttId=129559
행정안전부,비상대비훈련과,2026-09-18,"한성숙 총리, “철저한 준비와 반복적인 훈련이 국민의 생명과 안전 지키는 길”",https://www.mois.go.kr/frt/bbs/type010/commonSelectBoardArticle.do?bbsId=BBSMSTR_000000000008&nttId=129561
행정안전부,서비스정책과,2026-09-18,"일일이 누리집 안 찾아도 된다 국가 기록·역사 자료, 인공지능으로 한곳에서 검색",https://www.mois.go.kr/frt/bbs/type010/commonSelectBoardArticle.do?bbsId=BBSMSTR_000000000008&nttId=129563
공정거래위원회,유통대리점정책과,2026-09-17,대규모유통업법 개정안 국회 본회의 통과,"https://www.ftc.go.kr/www/selectBbsNttView.do?pageUnit=10&pageIndex=1&searchCnd=all&key=12&bordCd=3&searchCtgry=01,02&nttSn=48026"
공정거래위원회,서비스카르텔조사과,2026-09-17,디지털교과서용 태블릿 컴퓨터 입찰담합 사건 심의 절차 개시,"https://www.ftc.go.kr/www/selectBbsNttView.do?pageUnit=10&pageIndex=1&searchCnd=all&key=12&bordCd=3&searchCtgry=01,02&nttSn=48025"
공정거래위원회,하도급조사과,2026-09-16,공정위-건설업계 민관협의체 출범,"https://www.ftc.go.kr/www/selectBbsNttView.do?pageUnit=10&pageIndex=1&searchCnd=all&key=12&bordCd=3&searchCtgry=01,02&nttSn=48022"
공정거래위원회,소비자안전교육과,2026-09-16,의류관리기 3종 품질 비교정보 제공,"https://www.ftc.go.kr/www/selectBbsNttView.do?pageUnit=10&pageIndex=2&searchCnd=all&key=12&bordCd=3&searchCtgry=01,02&nttSn=48021"
공정거래위원회,운영지원과,2026-09-16,유승한(柳承翰) 교수 공정위 비상임위원 위촉,"https://www.ftc.go.kr/www/selectBbsNttView.do?pageUnit=10&pageIndex=2&searchCnd=all&key=12&bordCd=3&searchCtgry=01,02&nttSn=48020"
공정거래위원회,국제협력과,2026-09-15,"주병기 위원장, 포담 반독점 컨퍼런스 참석","https://www.ftc.go.kr/www/selectBbsNttView.do?pageUnit=10&pageIndex=2&searchCnd=all&key=12&bordCd=3&searchCtgry=01,02&nttSn=48014"
공정거래위원회,기업결합과,2026-09-15,대한항공-아시아나 마일리지 통합방안 최종 승인,"https://www.ftc.go.kr/www/selectBbsNttView.do?pageUnit=10&pageIndex=2&searchCnd=all&key=12&bordCd=3&searchCtgry=01,02&nttSn=48015"
공정거래위원회,소비자거래정책과,2026-09-14,추석 명절 소비자 피해예방주의보,"https://www.ftc.go.kr/www/selectBbsNttView.do?pageUnit=10&pageIndex=2&searchCnd=all&key=12&bordCd=3&searchCtgry=01,02&nttSn=48007"
공정거래위원회,국제기업결합과,2026-09-14,대산1호 통합법인 H&L어드밴스드 상생협약 체결식 개최,"https://www.ftc.go.kr/www/selectBbsNttView.do?pageUnit=10&pageIndex=2&searchCnd=all&key=12&bordCd=3&searchCtgry=01,02&nttSn=48008"
공정거래위원회,기업거래정책과,2026-09-11,"공정거래위원회-한국하도급법학회, 공동 학술대회 개최","https://www.ftc.go.kr/www/selectBbsNttView.do?pageUnit=10&pageIndex=2&searchCnd=all&key=12&bordCd=3&searchCtgry=01,02&nttSn=48000"
공정거래위원회,가맹거래정책과,2026-09-11,"공정거래위원장, 가맹업계 간담회 개최","https://www.ftc.go.kr/www/selectBbsNttView.do?pageUnit=10&pageIndex=2&searchCnd=all&key=12&bordCd=3&searchCtgry=01,02&nttSn=48001"
공정거래위원회,기업결합과,2026-09-10,"대한항공-아시아나 기업결합 시정조치 변경신청 2건, (주)대한항공 및 소속 직원들의 조사방해 사건 심의 절차 개시","https://www.ftc.go.kr/www/selectBbsNttView.do?pageUnit=10&pageIndex=2&searchCnd=all&key=12&bordCd=3&searchCtgry=01,02&nttSn=47991"
공정거래위원회,기업거래정책과,2026-09-10,HD현대 그룹 - 1·2·3차 협력사 상생협약 체결식 개최,"https://www.ftc.go.kr/www/selectBbsNttView.do?pageUnit=10&pageIndex=2&searchCnd=all&key=12&bordCd=3&searchCtgry=01,02&nttSn=47992"
공정거래위원회,제조카르텔조사과,2026-09-09,농민신문사 발주 인쇄용지 입찰담합 제재,"https://www.ftc.go.kr/www/selectBbsNttView.do?pageUnit=10&pageIndex=3&searchCnd=all&key=12&bordCd=3&searchCtgry=01,02&nttSn=47987"
공정거래위원회,기업집단결합정책과,2026-09-09,기업결합의 신고요령 고시 개정안 행정예고,"https://www.ftc.go.kr/www/selectBbsNttView.do?pageUnit=10&pageIndex=3&searchCnd=all&key=12&bordCd=3&searchCtgry=01,02&nttSn=47986"
공정거래위원회,소비자정책총괄과,2026-09-08,제17차 소비자정책위원회 개최,"https://www.ftc.go.kr/www/selectBbsNttView.do?pageUnit=10&pageIndex=3&searchCnd=all&key=12&bordCd=3&searchCtgry=01,02&nttSn=47984"
공정거래위원회,국제협력과,2026-09-08,공정위-EU 경쟁총국 제6회 경쟁정책 연구회 개최,"https://www.ftc.go.kr/www/selectBbsNttView.do?pageUnit=10&pageIndex=3&searchCnd=all&key=12&bordCd=3&searchCtgry=01,02&nttSn=47981"
공정거래위원회,소비자거래정책과,2026-09-07,사용후기 수집·처리 정보공개 규제 관련 문답서 배포,"https://www.ftc.go.kr/www/selectBbsNttView.do?pageUnit=10&pageIndex=3&searchCnd=all&key=12&bordCd=3&searchCtgry=01,02&nttSn=47976"
공정거래위원회,기업집단결합정책과,2026-09-07,공시의무 위반 과태료 부과 고시 개정안 행정예고,"https://www.ftc.go.kr/www/selectBbsNttView.do?pageUnit=10&pageIndex=3&searchCnd=all&key=12&bordCd=3&searchCtgry=01,02&nttSn=47977"
공정거래위원회,소비자안전교육과,2026-09-04,공정거래위원회-한국소비자법학회 공동 학술대회 개최,"https://www.ftc.go.kr/www/selectBbsNttView.do?pageUnit=10&pageIndex=3&searchCnd=all&key=12&bordCd=3&searchCtgry=01,02&nttSn=47973"
공정거래위원회,특수거래정책과,2026-09-03,「소비자생활협동조합법」 하위법령 등 개정안 입법·행정예고,"https://www.ftc.go.kr/www/selectBbsNttView.do?pageUnit=10&pageIndex=3&searchCnd=all&key=12&bordCd=3&searchCtgry=01,02&nttSn=47963"
공정거래위원회,기업집단정보분석팀,2026-09-03,2026년 공시대상기업집단 주식소유현황 분석·공개,"https://www.ftc.go.kr/www/selectBbsNttView.do?pageUnit=10&pageIndex=3&searchCnd=all&key=12&bordCd=3&searchCtgry=01,02&nttSn=47964"
공정거래위원회,소비자정책총괄과,2026-09-02,소비자기본법 시행령 개정안 국무회의 통과,"https://www.ftc.go.kr/www/selectBbsNttView.do?pageUnit=10&pageIndex=3&searchCnd=all&key=12&bordCd=3&searchCtgry=01,02&nttSn=47958"
⚖️ 입법예고,국방부 (부령),2026. 9. 28. ~2026. 11. 9.,방위사업법 시행규칙 일부개정령안 입법예고,https://opinion.lawmaking.go.kr/gcom/ogLmPp/88882
⚖️ 입법예고,국방부 (대통령령),2026. 9. 28. ~2026. 11. 9.,국방반도체 육성 및 지원에 관한 법률 시행령 제정안 입법예고,https://opinion.lawmaking.go.kr/gcom/ogLmPp/88880
⚖️ 입법예고,국방부 (부령),2026. 9. 28. ~2026. 11. 9.,국방반도체 육성 및 지원에 관한 법률 시행규칙 제정안 입법예고,https://opinion.lawmaking.go.kr/gcom/ogLmPp/88878
⚖️ 입법예고,고용노동부 (대통령령),2026. 9. 28. ~2026. 11. 9.,국가기술자격법 시행령 일부개정령안 입법예고,https://opinion.lawmaking.go.kr/gcom/ogLmPp/88876
⚖️ 입법예고,행정안전부 (대통령령),2026. 9. 23. ~2026. 10. 21.,섬발전촉진법 시행령 일부개정령안 입법예고,https://opinion.lawmaking.go.kr/gcom/ogLmPp/88828
⚖️ 입법예고,행정안전부 (대통령령),2026. 9. 23. ~2026. 11. 2.,생명안전기본법 시행령 제정안 입법예고,https://opinion.lawmaking.go.kr/gcom/ogLmPp/88826
⚖️ 입법예고,국토교통부 (부령),2026. 9. 23. ~2026. 11. 2.,자동차관리법 시행규칙 일부개정령안 입법예고,https://opinion.lawmaking.go.kr/gcom/ogLmPp/88824
⚖️ 입법예고,국토교통부 (부령),2026. 9. 23. ~2026. 11. 2.,주택법 시행규칙 일부개정령안 입법예고,https://opinion.lawmaking.go.kr/gcom/ogLmPp/88822
⚖️ 입법예고,공정거래위원회 (대통령령),2026. 9. 23. ~2026. 11. 2.,독점규제 및 공정거래에 관한 법률 시행령 개정안 입법예고,https://opinion.lawmaking.go.kr/gcom/ogLmPp/88820
⚖️ 입법예고,지식재산처 (대통령령),2026. 9. 23. ~2026. 11. 2.,상표법 시행령 일부개정령안 입법예고,https://opinion.lawmaking.go.kr/gcom/ogLmPp/88818
⚖️ 입법예고,국가보훈부 (대통령령),2026. 9. 23. ~2026. 11. 2.,국가유공자 예우 및 지원에 관한 법률 시행령 일부개정령안 입법예고,https://opinion.lawmaking.go.kr/gcom/ogLmPp/88834
⚖️ 입법예고,국가보훈부 (대통령령),2026. 9. 23. ~2026. 11. 2.,보훈보상대상자 지원에 관한 법률 시행령 일부개정령안 입법예고,https://opinion.lawmaking.go.kr/gcom/ogLmPp/88752
⚖️ 입법예고,국가보훈부 (대통령령),2026. 9. 23. ~2026. 11. 2.,특수임무유공자 예우 및 단체설립에 관한 법률 시행령 일부개정령안 입법예고,https://opinion.lawmaking.go.kr/gcom/ogLmPp/88816
⚖️ 입법예고,국가보훈부 (대통령령),2026. 9. 23. ~2026. 11. 2.,5·18민주유공자 예우 및 지원에 관한 법률 시행령 일부개정령안 입법예고,https://opinion.lawmaking.go.kr/gcom/ogLmPp/88814
⚖️ 입법예고,국가보훈부 (대통령령),2026. 9. 23. ~2026. 11. 20.,독립유공자예우에 관한 법률 시행령 일부개정령안 입법예고,https://opinion.lawmaking.go.kr/gcom/ogLmPp/88812
⚖️ 입법예고,국가보훈부 (대통령령),2026. 9. 23. ~2026. 11. 20.,국가유공자 등 예우 및 지원에 관한 법률 시행령 일부개정령안 입법예고,https://opinion.lawmaking.go.kr/gcom/ogLmPp/88810
⚖️ 입법예고,국가보훈부 (대통령령),2026. 9. 23. ~2026. 11. 20.,보훈보상대상자 지원에 관한 법률 시행령 일부개정령안 입법예고,https://opinion.lawmaking.go.kr/gcom/ogLmPp/88750
⚖️ 입법예고,국가보훈부 (대통령령),2026. 9. 23. ~2026. 11. 20.,참전유공자 예우 및 단체설립에 관한 법률 시행령 일부개정령안 입법예고,https://opinion.lawmaking.go.kr/gcom/ogLmPp/88808
⚖️ 입법예고,국가보훈부 (대통령령),2026. 9. 23. ~2026. 11. 20.,고엽제후유의증 등 환자지원 및 단체설립에 관한 법률 시행령 일부개정령안 입법예고,https://opinion.lawmaking.go.kr/gcom/ogLmPp/88806
⚖️ 입법예고,국가보훈부 (대통령령),2026. 9. 23. ~2026. 11. 20.,5·18민주유공자예우 및 단체설립에 관한 법률 시행령 일부개정령안 입법예고,https://opinion.lawmaking.go.kr/gcom/ogLmPp/88748
⚖️ 행정예고,부산지방우정청 (제2026-101호),"2026. 9. 29. 
~ 2026. 10. 19.",우체국 창구망 재정비에 따른 창구망 통폐합 행정예고,https://opinion.lawmaking.go.kr/gcom/admpp/47450?announceType=TYPE6&mappingAdmRulSeq=2000000331444
⚖️ 행정예고,기후에너지환경부 (제2026-896호),"2026. 9. 29. 
~ 2026. 10. 20.",지하수오염시설의 오염평가보고서 및 정화계획 작성 등에 관한 규정 제정안 행...,https://opinion.lawmaking.go.kr/gcom/admpp/47420?announceType=TYPE6&mappingAdmRulSeq=2000000331474
⚖️ 행정예고,충청지방우정청 (제2026-202호),"2026. 9. 28. 
~ 2026. 10. 19.",우편취급국 점심 휴무시간 변경 운영 행정예고,https://opinion.lawmaking.go.kr/gcom/admpp/47418?announceType=TYPE6&mappingAdmRulSeq=2000000331458
⚖️ 행정예고,경북지방우정청 (제2026-123호),"2026. 9. 23. 
~ 2026. 10. 13.",우편취급국 점심시간 휴무제 시행에 따른 행정예고,https://opinion.lawmaking.go.kr/gcom/admpp/47448?announceType=TYPE6&mappingAdmRulSeq=2000000331374
⚖️ 행정예고,전남지방우정청 (제2026-172호),"2026. 9. 23. 
~ 2026. 10. 12.",별정우체국 우체국망 재정비에 따른 행정예고,https://opinion.lawmaking.go.kr/gcom/admpp/47446?announceType=TYPE6&mappingAdmRulSeq=2000000331372
⚖️ 행정예고,공정거래위원회 (제2026-217호),"2026. 9. 23. 
~ 2026. 10. 13.",부당한 공동행위 자진신고자 등에 대한 시정조치 등 감면제도 운영 고시 개정...,https://opinion.lawmaking.go.kr/gcom/admpp/47444?announceType=TYPE6&mappingAdmRulSeq=2000000331370
⚖️ 행정예고,국가보훈부 (제2026-232호),"2026. 9. 23. 
~ 2026. 10. 13.",보훈문화상 시상규정 일부개정안 행정예고,https://opinion.lawmaking.go.kr/gcom/admpp/47416?announceType=TYPE6&mappingAdmRulSeq=2000000331414
⚖️ 행정예고,국가보훈부 (제2026-241호),"2026. 9. 23. 
~ 2026. 10. 16.",위탁병원의 국가부담 진료비용의 산정과 청구·심사·지급에 관한 업무처리 기...,https://opinion.lawmaking.go.kr/gcom/admpp/47442?announceType=TYPE6&mappingAdmRulSeq=2000000331368
⚖️ 행정예고,기후에너지환경부 (제2026-886호),"2026. 9. 23. 
~ 2026. 10. 14.",재활용가능자원의 분리수거 등에 관한 지침 일부개정훈령안 행정예고,https://opinion.lawmaking.go.kr/gcom/admpp/47414?announceType=TYPE6&mappingAdmRulSeq=2000000331412
⚖️ 행정예고,기후에너지환경부 (제2026-889호),"2026. 9. 23. 
~ 2026. 10. 16.",수문조사시설의 설치환경 및 유지ㆍ관리와 수문자료의 품질관리기준 일부개정...,https://opinion.lawmaking.go.kr/gcom/admpp/47412?announceType=TYPE6&mappingAdmRulSeq=2000000331410
⚖️ 행정예고,국토교통부 (제2026-1168호),"2026. 9. 22. 
~ 2026. 10. 12.",항공영어구술능력증명시험 실시요령 일부개정안 행정예고,https://opinion.lawmaking.go.kr/gcom/admpp/47440?announceType=TYPE6&mappingAdmRulSeq=2000000331344
⚖️ 행정예고,법무부 (제2026-411호),"2026. 9. 22. 
~ 2026. 10. 12.",출입국관리법시행규칙 제76조제2항 관련 별표5의2 고시 일부개정고시안 행정예고,https://opinion.lawmaking.go.kr/gcom/admpp/47438?announceType=TYPE6&mappingAdmRulSeq=2000000331342
⚖️ 행정예고,산업통상부 (제2026-602호),"2026. 9. 22. 
~ 2026. 10. 12.",해외자원개발사업자금 융자기준 일부개정안 행정예고,https://opinion.lawmaking.go.kr/gcom/admpp/47410?announceType=TYPE6&mappingAdmRulSeq=2000000331292
⚖️ 행정예고,기후에너지환경부 (제2026-874호),"2026. 9. 22. 
~ 2026. 10. 2.",수문조사전담기관의 지정 및 운영에 관한 규정 폐지안 행정예고,https://opinion.lawmaking.go.kr/gcom/admpp/47436?announceType=TYPE6&mappingAdmRulSeq=2000000331340
⚖️ 행정예고,기후에너지환경부 (제2026-875호),"2026. 9. 22. 
~ 2026. 10. 2.",한국수자원조사기술원 운영 및 관리·감독에 관한 규정 제정안 행정예고,https://opinion.lawmaking.go.kr/gcom/admpp/47408?announceType=TYPE6&mappingAdmRulSeq=2000000331290
⚖️ 행정예고,기후에너지환경부 (제2026-876호),"2026. 9. 22. 
~ 2026. 10. 8.",수문조사 종사자 교육 운영규정 일부개정령안 행정예고,https://opinion.lawmaking.go.kr/gcom/admpp/47434?announceType=TYPE6&mappingAdmRulSeq=2000000331338
⚖️ 행정예고,기후에너지환경부 (제2026-882호),"2026. 9. 22. 
~ 2026. 10. 12.",신재생에너지 설비의 지원 등에 관한 규정 일부개정고시안 행정예고,https://opinion.lawmaking.go.kr/gcom/admpp/47432?announceType=TYPE6&mappingAdmRulSeq=2000000331336
⚖️ 행정예고,문화체육관광부 (제2026-0370호),"2026. 9. 21. 
~ 2026. 10. 12.",긴급히 개수·보수가 필요한 체육시설 기준 고시 개정안 행정예고,https://opinion.lawmaking.go.kr/gcom/admpp/47430?announceType=TYPE6&mappingAdmRulSeq=2000000331314
⚖️ 행정예고,행정안전부 (제2026-1168호),"2026. 9. 21. 
~ 2026. 10. 11.",지진가속도계측기 설치 및 운영기준 일부개정고시안 행정예고,https://opinion.lawmaking.go.kr/gcom/admpp/47406?announceType=TYPE6&mappingAdmRulSeq=2000000331276
⚖️ 행정예고,국토교통부 (제2026-1176호),"2026. 9. 21. 
~ 2026. 10. 11.",자동차보험진료수가 심사업무처리에 관한 규정 일부개정안 행정예고,https://opinion.lawmaking.go.kr/gcom/admpp/47404?announceType=TYPE6&mappingAdmRulSeq=2000000331274
